id,random,f3sid
1,19,43X6W36
2,28,H4P57PJ
3,85,PWQ5GRH
4,56,7GJFWV7
5,59,7MJ2FV7
6,86,M3HF89G
7,22,VRCVQ5F
8,15,G5MMRH3
9,42,P7QQ5RH
10,14,74J9V79
11,33,QCR3MWG
12,90,PCQ58RH
13,78,86F65R9
14,84,3R5GMPJ
15,85,9W2P37J
16,40,W43XXGJ
17,94,627RWPR
18,76,HHPXGPJ
19,89,QX4RVQW
20,66,433XV93
21,33,P4XQX8R
22,38,GPRM5VR
23,0,VFHCG5F
24,39,6VG7XFP
25,25,RW646XH
26,73,FHWGH9M
27,61,GP5M7WR
28,56,QXJR26W
29,76,RWC4RWH
30,12,P4VQ3RH
31,51,97R2M87
32,4,8M6F6R9
33,88,GPVMW4R
34,84,3245GMP
35,38,8MVF5JR
36,80,W9X3PPG
37,64,X5XWV9J
38,75,8HGF78R
39,55,GQPM58R
40,71,9JJ24F7
41,2,R354MHF
42,44,2V8684F
43,34,W2J3FHG
44,60,CMR8QQP
45,55,9JG2MG7
46,31,45VX6Q3
47,67,9JH24V7
48,51,X9FW7WJ
49,64,78XJ2CV
50,51,H4VPFJP
51,77,MRVHFR9
52,61,9JX24P7
53,21,PXGQXQR
54,27,6C97F5P
55,7,786JCV7
56,28,QWQR3XW
57,72,HXQPW9P
58,28,M4QHRJ9
59,73,GRQM7JR
60,63,VMMCQ35
61,19,492X6W3
62,78,GRXMW5R
63,90,X2JWQ6J
64,17,X2VW3JJ
65,49,JGRVPJ6
66,7,VMXCW5F
67,82,VMWCF35
68,73,GR6M7JR
69,89,R5F4R5H
70,94,7F3JXWV
71,57,M4CHMP9
72,66,X2QWVHJ
73,45,9V32M97
74,58,CHV8QCP
75,11,Q3QR8WG
76,91,W753PHG
77,22,VHFCVQ5
78,16,HW4P3PJ
79,11,X62WRJJ
80,80,9CC2PP7
81,8,426XM36
82,90,CPR896P
83,53,3J85CQP
84,56,7GQJFWV
85,95,9CH2QC7
86,24,28Q6PHF
87,79,CP589QP
88,23,2846PQF
89,31,W7P3F4G
90,5,3JR5RPJ
91,42,42PXPG3
92,76,3JX5G8P
93,64,5V396W8
94,20,P3PQXXR
95,89,MWPHFX9
96,73,MWQHMQ9
97,53,7M8JFMV
98,38,F4QG3GM
99,96,Q95R93W
100,70,H33PWJP
101,29,X7JWCPJ
102,30,CQ48CMP
103,29,6GP7FGP
104,3,H36PWPJ
105,44,Q9VR2RW
106,86,MW7HF89
107,8,CQ98WPF
108,25,7M3JPGV
109,7,8R7FMR9
110,91,H3FPX9P
111,91,9832PH7
112,66,X74WVHJ
113,78,8R8F65R
114,48,FXMG3QM
115,46,FXHG3CM
116,19,Q2WR3GW
117,66,VQMCQ65
118,54,CRP8GVP
119,47,CRQ8GHP
120,85,844F6XR
121,11,58F958X
122,23,9FM22P7
123,89,6MQ7R6P
124,22,2GQ6PVF
125,91,849F64R
126,94,842F68R
127,79,CR289QP
128,76,Q2GRVGW
129,7,84JFMR9
130,2,CRJ8GPF
131,12,2G96WFX
132,17,H5HP4PJ
133,79,G3HMW7R
134,30,7PCJPHV
135,68,G3QM7GR
136,66,P2WQMGR
137,75,7PGJ2WV
138,68,M5WHM69
139,97,C4R8RGP
140,46,4JJXPM3
141,12,9GM2W7J
142,98,G39M37R
143,23,M56HRF9
144,63,H9JPW8P
145,20,8X2FFFR
146,15,FW7GRM4
147,43,4JHXP83
148,36,Q6MR3HW
149,24,7P2JPJV
150,75,JQ7VR96
151,70,H9HPWJP
152,35,RJX46GH
153,76,M9QHFP9
154,94,JRFVC96
155,42,F3QG38M
156,24,7QGJPJV
157,54,6PG7XCP
158,32,4V7X6R3
159,6,H29P8PJ
160,81,5GG9JX8
161,53,P67QQPR
162,17,V4WCJ5F
163,39,2HR68PF
164,36,7QWJPQV
165,90,3FQ5G9P
166,3,9MX247J
167,16,8WJFWR9
168,55,G58M58R
169,74,G5FM78R
170,11,H2HP6PJ
171,26,4CWX6C3
172,68,WF93J8G
173,83,3G65GFP
174,75,VXMCQH5
175,41,P73QQMR
176,36,RV2463H
177,36,834FF9R
178,14,CW486PF
179,15,G95MMRH
180,86,4CCXGX3
181,77,G92MW9R
182,69,P7VQM3R
183,98,5MQ9X68
184,11,CW28MPF
185,35,9HX22J7
186,20,4CPX663
187,86,VX7CF25
188,87,CWV89MP
189,72,3G35VQP
190,57,2Q76V6F
191,4,C3G89PF
192,14,QVWRMWG
193,18,85PF8R9
194,13,VWHC75F
195,26,F94GX2M
196,83,6RM7R3P
197,51,M65HWX9
198,26,G25M9HR
199,0,XF8W4JJ
200,7,M66H39G
201,85,C3589HP
202,49,PJCQQ9R
203,35,3MQ53HP
204,74,3MR5VWP
205,16,JX2VM6V
206,93,F9CG8VM
207,45,WGX3X6G
208,18,M6MH49G
209,8,QC4RPWG
210,28,89MFFXR
211,90,HJ4PXMP
212,82,XG2WQ8J
213,62,F2RGH6M
214,2,89RF5R9
215,40,QC2R22W
216,16,R874GHF
217,81,G65MW3R
218,43,5PM9RX8
219,11,XGFWRJJ
220,86,4FFXGX3
221,75,PVCQM2R
222,92,XGHWQFJ
223,60,V32CQQ5
224,50,WMR3X4G
225,74,5PW96C8
226,51,4FRXPR3
227,61,G6GM7WR
228,90,82GF6PR
229,16,RFW4GHF
230,32,PCXQXFR
231,28,XM2WCHJ
232,13,RF945HF
233,74,V5PCQJ5
234,91,PC9Q5PR
235,32,RF7465H
236,45,J3RVP76
237,49,823F5GR
238,65,24Q6V9F
239,58,MJ7HMR9
240,5,822FCR9
241,19,4GMX6W3
242,32,XMPWCWJ
243,9,6X57VPR
244,59,6X97MXP
245,2,6X27XPR
246,24,2426PHF
247,2,V98CX5F
248,70,86MF7QR
249,61,XH9WVQJ
250,63,XH2WV8J
251,84,C2P89WP
252,6,XH7W8JJ
253,9,MV3HJ9G
254,67,6WH7MGP
255,86,F73G8QM
256,3,6WQ7MPR
257,59,C238QGP
258,12,4MFXQ36
259,97,C298RGP
260,31,94422W7
261,60,5R49668
262,74,86JF79R
263,78,5RW9JR8
264,42,2X968QF
265,34,5R599G8
266,97,V28C4X5
267,62,V2FCQ45
268,36,QGWR3HW
269,88,QG3RV7W
270,24,WQ73F3G
271,32,2WF6P2F
272,39,WQV3XFG
273,77,75PJXPV
274,51,PF6QQFR
275,36,MC2HR79
276,38,H87PFGP
277,62,V23CQ45
278,48,MCJHW89
279,60,XPHWVVJ
280,60,9XX2447
281,25,C678CXP
282,27,V27CVP5
283,19,2W96P6F
284,65,QGQRFPW
285,80,8JGF66R
286,57,V6FCQG5
287,86,V6GCF25
288,67,C7H8Q4P
289,95,M8XHVP9
290,79,8JRF67R
291,74,PG9QMWR
292,85,FVWG87M
293,96,M89HVR9
294,8,FV5GCM4
295,9,M86HJ9G
296,0,WRM39GJ
297,11,M8JH69G
298,56,HFCPFHP
299,17,C7685PF
300,84,C7789WP
301,82,RHP4RXH
302,11,4PRX536
303,93,3435GWP
304,40,CJF8GGP
305,57,W493J9G
306,3,93J247J
307,9,8VPFXR9
308,23,2586PQF
309,21,XR7WC7J
310,72,PM9QMPR
311,31,93G22W7
312,9,3XF5JPJ
313,77,72RJXPV
314,48,FC9G3QM
315,35,CJ58CVP
316,25,J63V4X6
317,92,HGCPX3P
318,42,G8VM5WR
319,80,XRQWQQJ
320,54,PMMQQ4R
321,12,9352W7J
322,35,FCFGX9M
323,79,2976QVF
324,86,29J6Q7F
325,33,95J22F7
326,47,VJMCX65
327,77,95C2P27
328,68,PH5QM9R
329,84,76HJX3V
330,8,8CXF3R9
331,43,VJ4CX45
332,43,CVW8GRP
333,52,RQC4M2H
334,15,VJ3CM5F
335,39,GF7M59R
336,17,8C6F9R9
337,3,4RHXV36
338,92,4RPXGH3
339,34,F8CGXRM
340,92,2996QMF
341,83,J7JVC76
342,56,PPRQQ2R
343,64,HHRPW2P
344,34,33653QP
345,67,WW63J2G
346,39,HHWPF5P
347,48,CCQ8G4P
348,25,77HJPGV
349,9,RR74CHF
350,12,PP6Q3RH
351,52,22P685F
352,17,HH7P4PJ
353,97,77XJJFV
354,14,JJ3VW6V
355,55,CC28G5P
356,37,887FF8R
357,31,MM8HR59
358,50,VV7CXR5
359,75,GGFM76R
360,32,2226P2F
361,76,X533WQ4
362,90,CGFG896
363,10,X539WPJ
364,95,562J9XP
365,1,CGFP8CP
366,26,MQPWHR3
367,18,J8CPV96
368,58,MQP5HMR
369,45,J8CRVP7
370,90,6VJQ7R7
371,85,8MG5F6X
372,44,8MG9F5H
373,38,8MG2F5J
374,45,562R9RW
375,12,RWXM4PH
376,57,8MGJF7J
377,12,HRQGPRP
378,20,RWXQ466
379,42,HRQHPFX
380,12,2JJ76WF
381,9,X555WHJ
382,84,2JJV6Q9
383,4,HRRXPXP
384,21,VFFHCVX
385,45,RWW24M8
386,49,P449QQ9
387,46,VFFRCXP
388,6,HRR2P8P
389,59,QXXJRF2
390,57,2JJQ6V6
391,15,QXXCRJW
392,7,HRRVP2P
393,56,MQQVHW4
394,19,FHHJGXG
395,52,RWWH4M2
396,16,RWWP4GH
397,17,97752G7
398,15,8MM8F4R
399,93,GPQHMW8
400,32,2JVJ6P2
401,43,J8FFVPH
402,31,4359X6Q
403,51,VFGHCX7
404,40,CGMQ8GG
405,17,W92V3CG
406,15,FHPWGRM
407,73,7C8QJ2R
408,51,X598W7W
409,19,QXWVR3G
410,53,J8FWVPF
411,65,8MH2F73
412,68,W92P3J8
413,92,RW3M4RG
414,66,8MHJF7X
415,89,MQRFHFX
416,36,RW3Q463
417,37,97J9226
418,70,VFM8CQ7
419,11,X525WRJ
420,31,97VJ22W
421,14,HRXXPMP
422,37,VFMHCVH
423,22,97V8224
424,61,VFMQCQF
425,98,2JCM6HV
426,45,6V8P7X3
427,50,2JCP68W
428,75,GPR2M76
429,30,FHQ2GX5
430,33,J8G3V4W
431,33,QX3FR3M
432,54,QX3GR2C
433,16,MQ48HQ9
434,71,P4WMQM8
435,31,QX3PR37
436,72,32735VQ
437,36,8MQGFF9
438,69,HRWRPWR
439,20,X569WCC
440,90,HRWXPXM
441,35,P433QX4
442,59,HRW3PWF
443,62,97CF24Q
444,38,97CG2MC
445,83,P436Q57
446,0,432CXW3
447,13,7CG4J4V
448,55,GP46M58
449,51,W97H3X7
450,84,W97P3PR
451,43,VFH2CX4
452,40,2J83688
453,96,MQXFHVR
454,15,VFHJCM5
455,67,7CG7J25
456,37,8MRGFF8
457,31,MQWQHR5
458,97,J8HFVHP
459,57,CGQH8Q2
460,96,W9J733F
461,58,QX99RF3
462,57,VFPQCQG
463,37,436JX64
464,5,QX97R9W
465,22,6VGQ7FM
466,43,978P2MQ
467,36,8MR9FF9
468,25,7CMWJPG
469,54,GPXJM5J
470,61,MQWCHMF
471,61,56CX96J
472,2,X57RW7J
473,31,QX9PR37
474,73,VFPVCQ9
475,40,QX24R22
476,72,32C25VQ
477,44,X5J9W78
478,3,568J968
479,86,HR5WPXQ
480,29,W9VJ3F2
481,75,P499QM2
482,62,MQ35HMV
483,4,HR52PXP
484,95,568M9XP
485,21,CGR38CG
486,54,8M49F5W
487,21,GPW7M95
488,7,CGR283P
489,36,RW6M463
490,34,7CH9JPM
491,88,X5JRWQG
492,14,QX2PRMW
493,70,J8PJVR2
494,47,6VHJ7XV
495,22,FHWHGXH
496,84,7CP8JX3
497,18,J8QGV96
498,10,VFRHC25
499,14,FHW4GPM
500,98,RW764QV
501,8,43JJXM3
502,4,2JMH6QF
503,78,56FM9JR
504,50,W9CG3X4
505,37,W9CM3F5
506,31,43JGX6Q
507,36,8MX6FF9
508,35,GP3VM9J
509,71,W9CR3JQ
510,54,7CP2JFR
511,47,MQ5GHWJ
512,39,W9CW3XF
513,81,P46RQ5H
514,79,FH3HG8H
515,82,FH3PG84
516,80,W9863PP
517,75,7CQGJ2W
518,40,RWJ24MM
519,3,2JHG6VF
520,10,HR29PQP
521,69,X5CCWVG
522,28,HR26P57
523,28,2JHQ6P3
524,47,X5CGW7H
525,58,2JH46VP
526,23,97M422P
527,29,8MW7FF2
528,43,2JH368H
529,8,QX7HRPW
530,98,VF4JC4Q
531,1,56G5998
532,58,43CWXV6
533,8,GP9PMCR
534,77,6VQC7RF
535,28,GP9RM92
536,9,RWV94CH
537,0,MQ2WHP9
538,46,GP9WM5C
539,29,QXJ6R35
540,7,MQ29H39
541,40,56MM9RR
542,90,CGW3896
543,0,VFX3CG5
544,52,8M32F5P
545,64,QXJFRF4
546,41,RWVM4MV
547,73,7CR9J2R
548,40,X58RW77
549,91,W9FX3PH
550,57,2JP26V6
551,19,X5F3WC4
552,16,32M25HP
553,44,56H79RM
554,22,8M5PFF7
555,52,RWC94M2
556,13,MQ6WHX9
557,81,GP2WMW3
558,38,FH9WG3G
559,64,6VRP7M3
560,85,8M53F6X
561,33,P4JJQX8
562,4,2JQR6QF
563,12,CG398FP
564,98,97P42Q4
565,16,J8X9VM6
566,12,X5FQWGJ
567,50,2JQ568W
568,76,QXVPRVG
569,62,P4JPQMH
570,72,P4VRQMP
571,65,8M9MF73
572,31,2JRV6PW
573,43,32H75CR
574,65,56PV96V
575,14,VF3PC85
576,29,RW86464
577,25,W9MC3FM
578,95,8M9WFCJ
579,70,8M93F7Q
580,12,2JRQ6WF
581,3,J8WWVR6
582,21,RW8F46M
583,93,32HQ5GW
584,60,CG568QQ
585,14,56PX9F8
586,23,97Q322P
587,34,6V427F2
588,16,QXCQRCW
589,38,HRVQPFG
590,76,FH6HG8G
591,9,W9H23WG
592,59,W9H63JX
593,76,MQJXHFP
594,8,FH64GCM
595,74,VF5QCQJ
596,2,P4C2QQR
597,53,7CWQJFM
598,61,QX8JRFV
599,52,W9HG3XQ
600,85,8M29F6X
601,11,56QQ958
602,35,FH67GX9
603,38,56Q49RP
604,20,CG978CC
605,88,7CW2JX7
606,92,X5M4WQF
607,91,MQJMHFH
608,70,8M6GF7Q
609,52,32Q25C9
610,38,VF9GCXG
611,49,W9P63X8
612,90,P483Q58
613,83,32QV5GF
614,49,GPJWM5G
615,28,GPJ3M92
616,91,W9P83PH
617,75,7C3RJ2W
618,60,RWGC4VV
619,34,FH72GXR
620,19,X5HMWC4
621,94,HRCCPXH
622,15,FH7JGRM
623,57,43MPXVW
624,12,8M6VFVR
625,3,P48HQMR
626,92,X5HXWQF
627,64,X5P3WV9
628,92,W9Q93PV
629,7,8M7HFMR
630,60,HR8XPWW
631,15,QXG5RJW
632,62,X5P7WVM
633,20,QXG2R33
634,52,QXG6R2M
635,5,97XM2Q7
636,37,8M73FF8
637,8,CG638WP
638,42,GPV6M5W
639,54,FHJ6G39
640,36,W9QP3FC
641,79,43HHXGV
642,29,P4FGQX6
643,91,VF27CFM
644,3,HR8MPWP
645,94,56459J2
646,17,VF68CJ5
647,91,MQ8QHFH
648,47,CG7M8GH
649,64,7C9FJ2C
650,61,MQ8XHMF
651,75,QXM9RF6
652,12,6V5M7JP
653,28,GPC3M92
654,0,P4G6QJR
655,57,7C9RJ28
656,49,RWHC4M7
657,65,W9RM3JR
658,69,HRFVPWR
659,53,GPCJM5M
660,80,97WX2PP
661,72,97WW24H
662,57,VF67CQG
663,38,56X39RP
664,72,8MJ8F74
665,7,W94536G
666,46,MQFQHWG
667,26,VF7GCVW
668,1,43Q9X63
669,70,FHCRGHW
670,26,CGJQ8C3
671,73,QXH2RFC
672,3,CGJ48QP
673,5,973M2Q7
674,32,QXHJR3Q
675,75,CGJ38Q8
676,23,6V947FR
677,89,8MV2F6Q
678,27,J865V43
679,85,7C25JX6
680,60,973W244
681,60,56WW966
682,31,43QRX6Q
683,90,X5RXWQ6
684,53,56329RG
685,51,8MCMF5Q
686,42,MQGRHWF
687,59,CGVH8QG
688,39,P4H3QQX
689,12,32WV57P
690,72,P4H9QMP
691,43,VFJRCX4
692,61,975M24P
693,32,RWQV465
694,85,563H9J7
695,27,7C6XJP3
696,81,X54MWQM
697,86,VFJ9CF2
698,51,RWQM4M5
699,11,X54QWRJ
700,59,X54RWV7
701,36,X544WC3
702,90,CGVC896
703,3,MQMPHM9
704,65,QXQXRFP
705,52,FHFPG3P
706,60,4349XVV
707,3,4342XV3
708,36,QXQ9R3H
709,34,GPGWM9M
710,85,32385GJ
711,18,RWRJ49H
712,48,W9WF3X2
713,98,8M85FC7
714,57,6V647MQ
715,57,7C7WJ28
716,85,J8J5VC5
717,0,MQMCHP9
718,40,RWRH4MM
719,65,7C72J23
720,76,W9WX3P9
721,86,RWRR4R4
722,33,FPMMGXP
723,9,6CJV7VP
724,82,2V7V6Q4
725,12,FPMQGJM
726,48,H4QWPFQ
727,61,GQHXM7W
728,19,PXR9QXJ
729,95,MRP5HVP
730,7,2V7H6CF
731,24,CMFW8CR
732,73,R3XC4VG
733,49,MRP7HW6
734,94,JFC3VC9
735,21,PXR8QXQ
736,58,H4Q8PW5
737,7,9J6W297
738,84,9J632P5
739,31,X934WCG
740,39,X93XW7C
741,56,X953W75
742,88,H4RRPXR
743,79,2VJV6QV
744,97,X952WM7
745,47,W2973XW
746,37,VGFPCVH
747,17,9J7F2G7
748,7,CMG483P
749,9,R3WJ4CH
750,65,362G5VM
751,49,W29G3X8
752,11,2VJR6XF
753,8,GQP7MCR
754,18,CMG288P
755,89,MRQCHFX
756,19,QWXMR3G
757,48,CMGJ8G4
758,82,GQPFMWQ
759,12,W29W34G
760,33,QWW4R3M
761,6,R33W4XH
762,53,FPPPG3R
763,92,CMMH89V
764,28,6CCF7FV
765,4,QWW9RVW
